<?xml version="1.0" encoding="utf-8"?>
<!DOCTYPE modification SYSTEM "http://www.simplemachines.org/xml/modification">
<!--Generated by Mod Manager v1-->
<modification xmlns:smf="http://www.simplemachines.org/" xmlns="http://www.simplemachines.org/xml/modification">
    <id>ASampleUsername:SampleProject</id>
    <version>1</version>
    <file name="$boarddir/index.php">
        <operation>
            <search position="replace"><![CDATA[$forum_version = 'SMF 2.0.3';]]></search>
            <add><![CDATA[$forum_version = 'SMF 2.0.3 - MEH EDITION';]]></add>
        </operation>
    </file>
</modification>