<?xml version="1.0" encoding="utf-8"?>
<!DOCTYPE package-info SYSTEM "http://www.simplemachines.org/xml/package-info">
<!--Generated by Mod Manager v1-->
<package-info xmlns:smf="http://www.simplemachines.org/" xmlns="http://www.simplemachines.org/xml/package-info">
    <id>ASampleUsername:SampleProject</id>
    <name>Sample Project</name>
    <version>1</version>
    <type>modification</type>
    <install for="2.0 - 2.0.99">
        <readme parsebbc="true">readme.txt</readme>
        <modification>install.xml</modification>
        <code>install.php</code>
    </install>
    <uninstall for="2.0 - 2.0.99">
        <modification reverse="true">install.xml</modification>
        <code>uninstall.php</code>
    </uninstall>
</package-info>